Workbook

Sheet Raw_Data
A1: Order_ID | B1: Customer | C1: Product | D1: Plant | E1: Region | F1: Order_Date | G1: Requested_Delivery_Date | H1: Scheduled_Ship_Date | I1: Actual_Ship_Date | J1: Actual_Delivery_Date | K1: Quantity | L1: Shipping_Mode | M1: Delay_Reason | N1: OTDS_Flag | O1: OTDC_Flag | P1: Ship_Delay_Days | Q1: Delivery_Delay_Days | R1: Exception_Status
A2: ORD-00001 | B2: Customer 22 | C2: Contactor | D2: Plant C | E2: Export | F2: 46186 | G2: 46194 | H2: 46193 | I2: 46191 | J2: 46192 | K2: 75 | L2: Road | M2: No Delay | N2: =IF(I2<=H2,1,0) | O2: =IF(J2<=G2,1,0) | P2: =MAX(0,I2-H2) | Q2: =MAX(0,J2-G2) | R2: =IF(AND(N2=1,O2=1),"On Track",IF(O2=0,"Customer Delivery Late","Ship Late"))
A3: ORD-00002 | B3: Customer 15 | C3: Sensor | D3: Plant A | E3: Central | F3: 46046 | G3: 46057 | H3: 46055 | I3: 46053 | J3: 46056 | K3: 1439 | L3: Air | M3: No Delay | N3: =IF(I3<=H3,1,0) | O3: =IF(J3<=G3,1,0) | P3: =MAX(0,I3-H3) | Q3: =MAX(0,J3-G3) | R3: =IF(AND(N3=1,O3=1),"On Track",IF(O3=0,"Customer Delivery Late","Ship Late"))
A4: ORD-00003 | B4: Customer 12 | C4: Drive | D4: Plant C | E4: South | F4: 46110 | G4: 46123 | H4: 46121 | I4: 46120 | J4: 46121 | K4: 98 | L4: Sea | M4: No Delay | N4: =IF(I4<=H4,1,0) | O4: =IF(J4<=G4,1,0) | P4: =MAX(0,I4-H4) | Q4: =MAX(0,J4-G4) | R4: =IF(AND(N4=1,O4=1),"On Track",IF(O4=0,"Customer Delivery Late","Ship Late"))
A5: ORD-00004 | B5: Customer 20 | C5: Drive | D5: Plant C | E5: Central | F5: 46140 | G5: 46162 | H5: 46161 | I5: 46168 | J5: 46170 | K5: 1452 | L5: Road | M5: Customer Change | N5: =IF(I5<=H5,1,0) | O5: =IF(J5<=G5,1,0) | P5: =MAX(0,I5-H5) | Q5: =MAX(0,J5-G5) | R5: =IF(AND(N5=1,O5=1),"On Track",IF(O5=0,"Customer Delivery Late","Ship Late"))
A6: ORD-00005 | B6: Customer 27 | C6: Drive | D6: Plant A | E6: South | F6: 46034 | G6: 46046 | H6: 46043 | I6: 46047 | J6: 46050 | K6: 737 | L6: Road | M6: Customer Change | N6: =IF(I6<=H6,1,0) | O6: =IF(J6<=G6,1,0) | P6: =MAX(0,I6-H6) | Q6: =MAX(0,J6-G6) | R6: =IF(AND(N6=1,O6=1),"On Track",IF(O6=0,"Customer Delivery Late","Ship Late"))
A7: ORD-00006 | B7: Customer 09 | C7: PLC | D7: Plant C | E7: South | F7: 46194 | G7: 46207 | H7: 46206 | I7: 46204 | J7: 46205 | K7: 124 | L7: Road | M7: No Delay | N7: =IF(I7<=H7,1,0) | O7: =IF(J7<=G7,1,0) | P7: =MAX(0,I7-H7) | Q7: =MAX(0,J7-G7) | R7: =IF(AND(N7=1,O7=1),"On Track",IF(O7=0,"Customer Delivery Late","Ship Late"))
A8: ORD-00007 | B8: Customer 13 | C8: Switchgear | D8: Plant A | E8: South | F8: 46031 | G8: 46046 | H8: 46042 | I8: 46040 | J8: 46044 | K8: 295 | L8: Road | M8: No Delay | N8: =IF(I8<=H8,1,0) | O8: =IF(J8<=G8,1,0) | P8: =MAX(0,I8-H8) | Q8: =MAX(0,J8-G8) | R8: =IF(AND(N8=1,O8=1),"On Track",IF(O8=0,"Customer Delivery Late","Ship Late"))
A9: ORD-00008 | B9: Customer 05 | C9: Switchgear | D9: Plant A | E9: North | F9: 46166 | G9: 46188 | H9: 46185 | I9: 46184 | J9: 46187 | K9: 234 | L9: Road | M9: No Delay | N9: =IF(I9<=H9,1,0) | O9: =IF(J9<=G9,1,0) | P9: =MAX(0,I9-H9) | Q9: =MAX(0,J9-G9) | R9: =IF(AND(N9=1,O9=1),"On Track",IF(O9=0,"Customer Delivery Late","Ship Late"))
A10: ORD-00009 | B10: Customer 17 | C10: Sensor | D10: Plant C | E10: North | F10: 46183 | G10: 46193 | H10: 46189 | I10: 46188 | J10: 46193 | K10: 1403 | L10: Sea | M10: No Delay | N10: =IF(I10<=H10,1,0) | O10: =IF(J10<=G10,1,0) | P10: =MAX(0,I10-H10) | Q10: =MAX(0,J10-G10) | R10: =IF(AND(N10=1,O10=1),"On Track",IF(O10=0,"Customer Delivery Late","Ship Late"))
A11: ORD-00010 | B11: Customer 15 | C11: Breaker | D11: Plant C | E11: South | F11: 46052 | G11: 46074 | H11: 46071 | I11: 46070 | J11: 46073 | K11: 1035 | L11: Road | M11: No Delay | N11: =IF(I11<=H11,1,0) | O11: =IF(J11<=G11,1,0) | P11: =MAX(0,I11-H11) | Q11: =MAX(0,J11-G11) | R11: =IF(AND(N11=1,O11=1),"On Track",IF(O11=0,"Customer Delivery Late","Ship Late"))
A12: ORD-00011 | B12: Customer 06 | C12: Breaker | D12: Plant C | E12: South | F12: 46152 | G12: 46160 | H12: 46157 | I12: 46157 | J12: 46160 | K12: 1010 | L12: Road | M12: No Delay | N12: =IF(I12<=H12,1,0) | O12: =IF(J12<=G12,1,0) | P12: =MAX(0,I12-H12) | Q12: =MAX(0,J12-G12) | R12: =IF(AND(N12=1,O12=1),"On Track",IF(O12=0,"Customer Delivery Late","Ship Late"))
A13: ORD-00012 | B13: Customer 27 | C13: Contactor | D13: Plant C | E13: Central | F13: 46051 | G13: 46067 | H13: 46064 | I13: 46062 | J13: 46064 | K13: 272 | L13: Sea | M13: No Delay | N13: =IF(I13<=H13,1,0) | O13: =IF(J13<=G13,1,0) | P13: =MAX(0,I13-H13) | Q13: =MAX(0,J13-G13) | R13: =IF(AND(N13=1,O13=1),"On Track",IF(O13=0,"Customer Delivery Late","Ship Late"))
... A3001: ORD-03000 | B3001: Customer 07 | C3001: Contactor | D3001: Plant B | E3001: North | F3001: 46171 | G3001: 46176 | H3001: 46175 | I3001: 46173 | J3001: 46174 | K3001: 13 | L3001: Air | M3001: No Delay | N3001: =IF(I3001<=H3001,1,0) | O3001: =IF(J3001<=G3001,1,0) | P3001: =MAX(0,I3001-H3001) | Q3001: =MAX(0,J3001-G3001) | R3001: =IF(AND(N3001=1,O3001=1),"On Track",IF(O3001=0,"Customer Delivery Late","Ship Late"))

Sheet KPI_Dashboard
A1: Customer Delivery Performance Dashboard
A4: KPI | B4: Actual | C4: Target | D4: Gap | F4: Delay Reasons
A5: OTDS | B5: =AVERAGE(Raw_Data!N2:N3001) | C5: 0.965 | D5: =B5-C5 | F5: Reason | G5: Count
A6: OTDC | B6: =AVERAGE(Raw_Data!O2:O3001) | C6: 0.98 | D6: =B6-C6 | F6: Material Shortage | G6: =COUNTIF(Raw_Data!M$2:M$3001,F6)
A7: Total Orders | B7: =COUNTA(Raw_Data!A2:A3001) | F7: Production Delay | G7: =COUNTIF(Raw_Data!M$2:M$3001,F7)
A8: Late Customer Deliveries | B8: =COUNTIF(Raw_Data!O2:O3001,0) | F8: Carrier Delay | G8: =COUNTIF(Raw_Data!M$2:M$3001,F8)
A9: Avg Delivery Delay (days) | B9: =AVERAGE(Raw_Data!Q2:Q3001) | F9: Documentation Issue | G9: =COUNTIF(Raw_Data!M$2:M$3001,F9)
F10: Capacity Constraint | G10: =COUNTIF(Raw_Data!M$2:M$3001,F10)
F11: Customer Change | G11: =COUNTIF(Raw_Data!M$2:M$3001,F11)
A12: Performance by Region
A13: Region | B13: Orders | C13: OTDS | D13: OTDC
A14: North | B14: =COUNTIF(Raw_Data!E$2:E$3001,A14) | C14: =SUMIF(Raw_Data!E$2:E$3001,A14,Raw_Data!N$2:N$3001)/B14 | D14: =SUMIF(Raw_Data!E$2:E$3001,A14,Raw_Data!O$2:O$3001)/B14
A15: Central | B15: =COUNTIF(Raw_Data!E$2:E$3001,A15) | C15: =SUMIF(Raw_Data!E$2:E$3001,A15,Raw_Data!N$2:N$3001)/B15 | D15: =SUMIF(Raw_Data!E$2:E$3001,A15,Raw_Data!O$2:O$3001)/B15
A16: South | B16: =COUNTIF(Raw_Data!E$2:E$3001,A16) | C16: =SUMIF(Raw_Data!E$2:E$3001,A16,Raw_Data!N$2:N$3001)/B16 | D16: =SUMIF(Raw_Data!E$2:E$3001,A16,Raw_Data!O$2:O$3001)/B16
A17: Export | B17: =COUNTIF(Raw_Data!E$2:E$3001,A17) | C17: =SUMIF(Raw_Data!E$2:E$3001,A17,Raw_Data!N$2:N$3001)/B17 | D17: =SUMIF(Raw_Data!E$2:E$3001,A17,Raw_Data!O$2:O$3001)/B17

Sheet Exception_Report
A1: Order_ID | B1: Customer | C1: Product | D1: Requested_Delivery_Date | E1: Actual_Delivery_Date | F1: Delivery_Delay_Days | G1: Delay_Reason | H1: Exception_Status | I1: Planner_Action
A2: ORD-00004 | B2: Customer 20 | C2: Drive | D2: 46162 | E2: 46170 | F2: 8 | G2: Customer Change | H2: Customer Delivery Late | I2: Escalate / Follow up
A3: ORD-00005 | B3: Customer 27 | C3: Drive | D3: 46046 | E3: 46050 | F3: 4 | G3: Customer Change | H3: Customer Delivery Late | I3: Escalate / Follow up
A4: ORD-00019 | B4: Customer 30 | C4: Switchgear | D4: 46167 | E4: 46171 | F4: 4 | G4: Carrier Delay | H4: Customer Delivery Late | I4: Escalate / Follow up
A5: ORD-00027 | B5: Customer 19 | C5: Relay | D5: 46154 | E5: 46155 | F5: 1 | G5: Carrier Delay | H5: Customer Delivery Late | I5: Escalate / Follow up
A6: ORD-00040 | B6: Customer 09 | C6: Switchgear | D6: 46163 | E6: 46164 | F6: 1 | G6: Production Delay | H6: Customer Delivery Late | I6: Escalate / Follow up
A7: ORD-00047 | B7: Customer 23 | C7: Sensor | D7: 46191 | E7: 46192 | F7: 1 | G7: Documentation Issue | H7: Customer Delivery Late | I7: Escalate / Follow up
A8: ORD-00053 | B8: Customer 08 | C8: Power Supply | D8: 46104 | E8: 46106 | F8: 2 | G8: Material Shortage | H8: Customer Delivery Late | I8: Escalate / Follow up
A9: ORD-00055 | B9: Customer 08 | C9: Contactor | D9: 46174 | E9: 46180 | F9: 6 | G9: Carrier Delay | H9: Customer Delivery Late | I9: Escalate / Follow up
A10: ORD-00066 | B10: Customer 04 | C10: Relay | D10: 46190 | E10: 46198 | F10: 8 | G10: Customer Change | H10: Customer Delivery Late | I10: Escalate / Follow up
A11: ORD-00070 | B11: Customer 27 | C11: Switchgear | D11: 46078 | E11: 46079 | F11: 1 | G11: Documentation Issue | H11: Customer Delivery Late | I11: Escalate / Follow up
A12: ORD-00072 | B12: Customer 11 | C12: Power Supply | D12: 46122 | E12: 46130 | F12: 8 | G12: Carrier Delay | H12: Customer Delivery Late | I12: Escalate / Follow up
A13: ORD-00080 | B13: Customer 19 | C13: Sensor | D13: 46153 | E13: 46161 | F13: 8 | G13: Carrier Delay | H13: Customer Delivery Late | I13: Escalate / Follow up
... A343: ORD-02994 | B343: Customer 07 | C343: Switchgear | D343: 46197 | E343: 46200 | F343: 3 | G343: Carrier Delay | H343: Customer Delivery Late | I343: Escalate / Follow up

Sheet Data_Dictionary
A1: Project 1 — Data Dictionary & KPI Logic
A4: Field | B4: Definition | C4: Note
A5: OTDS | B5: On-time delivery to schedule proxy used in this project: Actual Ship Date <= Scheduled Ship Date. | C5: Target 96.5% from provided JD.
A6: OTDC | B6: On-time delivery to customer proxy: Actual Delivery Date <= Requested Delivery Date. | C6: Target 98% from provided JD.
A7: Exception Status | B7: Classifies each order as On Track, Ship Late, or Customer Delivery Late. | C7: Used for operational follow-up.
A8: Synthetic data | B8: All records are simulated for portfolio use; not Schneider company data. | C8: Safe to publish on GitHub.
